date,market_index
2025-01-01,0.9612236111111111
2025-01-02,0.9866058433734939
2025-01-03,0.9403389743589744
2025-01-04,0.8577020129870129
2025-01-05,0.8018548026315789
2025-01-06,0.8133395808383234
2025-01-07,0.8881231250000001
2025-01-08,0.9730303723404256
2025-01-09,1.0009267808219178
2025-01-10,0.9569756976744186
2025-01-11,0.8717667532467532
2025-01-12,0.8097041935483871
2025-01-13,0.827929125
2025-01-14,0.9069495731707318
2025-01-15,0.98995
2025-01-16,1.0182952027027028
2025-01-17,0.974304193548387
2025-01-18,0.8879769565217391
2025-01-19,0.8294692763157895
2025-01-20,0.8442907333333333
2025-01-21,0.9189680379746835
2025-01-22,1.0061275
2025-01-23,1.0348566863905326
2025-01-24,0.9873224844720497
2025-01-25,0.9077049668874172
2025-01-26,0.852478963414634
2025-01-27,0.8618723841059602
2025-01-28,0.9403245833333332
2025-01-29,1.024901
2025-01-30,1.0527880597014925
2025-01-31,1.0058378106508876
2025-02-01,0.9248978947368421
2025-02-02,0.8728487647058824
2025-02-03,0.8826178612716763
2025-02-04,0.9565088311688311
2025-02-05,1.0409096951219512
2025-02-06,1.0715222151898733
2025-02-07,1.0313907284768213
2025-02-08,0.9438786274509804
2025-02-09,0.8827173548387097
2025-02-10,0.8990421341463415
2025-02-11,0.9805745098039215
2025-02-12,1.0622909154929578
2025-02-13,1.0930894701986755
2025-02-14,1.0434353793103448
2025-02-15,0.9644474496644296
2025-02-16,0.9057610559006211
2025-02-17,0.9176634868421052
2025-02-18,0.9977486842105264
2025-02-19,1.0806098
2025-02-20,1.1152261635220124
2025-02-21,1.0687034756097562
2025-02-22,0.9858628395061728
2025-02-23,0.9247710067114093
2025-02-24,0.9411387417218543
2025-02-25,1.0182962337662338
2025-02-26,1.102108940397351
2025-02-27,1.130627320261438
2025-02-28,1.0876865986394557
2025-03-01,1.0043419620253164
2025-03-02,0.9469267241379311
2025-03-03,0.9595448255813953
2025-03-04,1.0379200694444444
2025-03-05,1.119987880794702
2025-03-06,1.1552193670886077
2025-03-07,1.1061723668639054
2025-03-08,1.0246662721893491
2025-03-09,0.9668654545454546
2025-03-10,0.9834438125
2025-03-11,1.0555878145695363
2025-03-12,1.140451472392638
2025-03-13,1.1725420394736843
2025-03-14,1.1286800000000001
2025-03-15,1.042873774834437
2025-03-16,0.9863267924528303
2025-03-17,1.0014117283950617
2025-03-18,1.0759074193548386
2025-03-19,1.161461975308642
2025-03-20,1.1936043930635838
2025-03-21,1.1500765671641793
2025-03-22,1.062883806451613
2025-03-23,1.0020531847133758
2025-03-24,1.019994484848485
2025-03-25,1.0964504705882352
2025-03-26,1.1803380239520957
2025-03-27,1.209977192982456
2025-03-28,1.167249044117647
2025-03-29,1.076605054347826
2025-03-30,1.0224123076923077
2025-03-31,1.034738864864865
2025-04-01,1.11575387283237
2025-04-02,1.197686393442623
2025-04-03,1.2265092168674698
2025-04-04,1.1824657718120806
2025-04-05,1.0973992024539878
2025-04-06,1.039251329113924
2025-04-07,1.0521484210526315
2025-04-08,1.127641130952381
2025-04-09,1.2141938666666665
2025-04-10,1.246971642857143
2025-04-11,1.1992536419753086
2025-04-12,1.1118008666666666
2025-04-13,1.0515462068965518
2025-04-14,1.0621461904761904
2025-04-15,1.1418442168674698
2025-04-16,1.3357232727272728
2025-04-17,1.3645790303030303
2025-04-18,1.3169196296296297
2025-04-19,1.2330833548387097
2025-04-20,1.1759431547619048
2025-04-21,1.1928851933701656
2025-04-22,1.2646985106382977
2025-04-23,1.3461058666666665
2025-04-24,1.3708696268656717
2025-04-25,1.3304425
2025-04-26,1.2457616568047336
2025-04-27,1.1820884768211921
2025-04-28,1.2013216463414633
2025-04-29,1.2728138505747126
2025-04-30,1.358148157894737
2025-05-01,1.384212588235294
2025-05-02,1.3397662790697673
2025-05-03,1.2574786
2025-05-04,1.1964444966442953
2025-05-05,1.2041612666666666
2025-05-06,1.2820425316455697
2025-05-07,1.362827118644068
2025-05-08,1.3963236486486488
2025-05-09,1.3460222839506173
2025-05-10,1.2571560294117647
2025-05-11,1.200645945945946
2025-05-12,1.2134105925925927
2025-05-13,1.2879028301886792
2025-05-14,1.3700560689655172
2025-05-15,1.400823
2025-05-16,1.3453779881656804
2025-05-17,1.2644168
2025-05-18,1.206143024691358
2025-05-19,1.21405375
2025-05-20,1.2930133557046979
2025-05-21,1.3704371515151514
2025-05-22,1.4015922818791946
2025-05-23,1.3537236666666665
2025-05-24,1.2640845864661656
2025-05-25,1.2064867857142858
2025-05-26,1.2147729411764707
2025-05-27,1.291223660130719
2025-05-28,1.3695897315436243
2025-05-29,1.3961616981132077
2025-05-30,1.3489738095238095
2025-05-31,1.2651057471264369
2025-06-01,1.2043570114942528
2025-06-02,1.2158542857142856
2025-06-03,1.2880315555555555
2025-06-04,1.3684403448275861
2025-06-05,1.3912902649006624
2025-06-06,1.3473512738853504
2025-06-07,1.2630901449275362
2025-06-08,1.2002532666666668
2025-06-09,1.2120083125
2025-06-10,1.283605253164557
2025-06-11,1.3634786524822695
2025-06-12,1.3928151020408164
2025-06-13,1.3366336734693878
2025-06-14,1.2539523741007195
2025-06-15,1.1950213496932516
2025-06-16,1.2046536477987422
2025-06-17,1.2741981725888325
2025-06-18,1.3569932098765431
2025-06-19,1.384423962264151
2025-06-20,1.3322998255813954
2025-06-21,1.2463832941176471
2025-06-22,1.187243288590604
2025-06-23,1.1945570731707318
2025-06-24,1.2640970512820513
2025-06-25,1.3458824698795182
2025-06-26,1.3736886419753087
2025-06-27,1.3229109459459458
2025-06-28,1.2379583435582822
2025-06-29,1.175076564417178
2025-06-30,1.1844968939393938
2025-07-01,1.2511477611940298
2025-07-02,1.3339060355029586
2025-07-03,1.353383430232558
2025-07-04,1.3143514375
2025-07-05,1.2236425806451614
2025-07-06,1.1602762658227848
2025-07-07,1.172622298136646
2025-07-08,1.2434506329113926
2025-07-09,1.324930503144654
2025-07-10,1.3431666249999998
2025-07-11,1.2977892857142859
2025-07-12,1.2073485185185187
2025-07-13,1.1453378857142857
2025-07-14,1.1514568421052633
2025-07-15,1.2287540268456376
2025-07-16,1.3073492465753425
2025-07-17,1.3311572185430463
2025-07-18,1.2835403896103896
2025-07-19,1.1937746153846154
2025-07-20,1.1266954716981132
2025-07-21,1.1378198620689655
2025-07-22,1.2094752857142856
2025-07-23,1.2921598787878787
2025-07-24,1.3159980745341615
2025-07-25,1.0951728859060401
2025-07-26,1.0077752747252746
2025-07-27,0.9420801398601398
2025-07-28,0.9544135294117647
2025-07-29,1.0208417469879518
2025-07-30,1.1045492168674698
2025-07-31,1.128894909090909
2025-08-01,1.0768830612244897
2025-08-02,0.9895452795031056
2025-08-03,0.9219769461077844
2025-08-04,0.9368397142857142
2025-08-05,1.003530909090909
2025-08-06,1.0797998601398602
2025-08-07,1.1060003311258277
2025-08-08,1.0593991428571428
2025-08-09,0.9691152112676057
2025-08-10,0.9034895454545455
2025-08-11,0.913094094488189
2025-08-12,0.9817311038961039
2025-08-13,1.0634701898734178
2025-08-14,1.089024331210191
2025-08-15,1.0397446745562129
2025-08-16,0.946204060150376
2025-08-17,0.8862297484276729
2025-08-18,0.8936982550335572
2025-08-19,0.9656416666666666
2025-08-20,1.0444205988023951
2025-08-21,1.0670824074074072
2025-08-22,1.0174054545454545
2025-08-23,0.9290854140127389
2025-08-24,0.8628429375
2025-08-25,0.8745985915492958
2025-08-26,0.9425090849673202
2025-08-27,1.0222420108695653
2025-08-28,1.049731472392638
2025-08-29,0.9940166442953021
2025-08-30,0.9067797857142856
2025-08-31,0.8434442758620689
2025-09-01,0.8519096153846153
2025-09-02,0.9248030263157896
2025-09-03,1.0043499315068491
2025-09-04,1.0242640522875817
2025-09-05,0.9756115999999999
2025-09-06,0.8840519526627219
2025-09-07,0.820274375
2025-09-08,0.8296896273291925
2025-09-09,0.9006759393939393
2025-09-10,0.9831363354037268
2025-09-11,1.008841923076923
2025-09-12,0.960750125
2025-09-13,0.8709495679012346
2025-09-14,0.8022450000000001
